Model_ID,L11,L21,L12,L22,Sigma 11,Sigma 21,Sigma 12,Sigma 21,s 11,s12,s21,s22,Alpha 11,Alpha 12,Alpha 21,Alpha 22,P 11,P12,P21,P22,beta_1,beta_2,beta_3,beta4,beta 5
f86b0dc2a8,0.4973362982273102,0.5156442523002625,0.7495415806770325,0.7679567337036133,0.30199411511421204,0.49464601278305054,0.02855786681175232,0.12145457416772842,0.038169413805007935,0.01923096366226673,0.3426077365875244,0.2679367959499359,0.39115509390830994,0.5094395279884338,0.435367614030838,0.5636807680130005,0.054195813834667206,0.0052110846154391766,0.1441175490617752,0.021499918773770332,10,10,10,1,10
21fe8fc425,0.8597973585128784,0.49665921926498413,0.8688369989395142,0.5028032660484314,0.802638053894043,1.0131793022155762,0.7526217699050903,0.9552240371704102,0.9136664271354675,0.7398424744606018,1.2375428676605225,1.0279167890548706,0.6204355359077454,0.5257575511932373,0.45454031229019165,0.3804910182952881,1.1406946182250977,1.2567381858825684,1.3418267965316772,1.467203140258789,1,1,1,1,1
