Model_ID,L11,L21,L12,L22,Sigma 11,Sigma 21,Sigma 12,Sigma 21,Alpha 11,Alpha 21,Alpha 12,Alpha 22,base intensity 1,base intensity 1,beta_1,beta_2,beta_3
5149b6281e,1.732679248,1.87492907,1.272037268,1.386147976,0.222225279,0.004353913,0.018544864,0.023287626,2.045820951,2.570760489,1.959886432,2.46982336,1,2,0.4,0.3,1
bff1bf7331,1.353486657,1.734398603,1.046608806,1.362450123,0.000273906,7.79E-05,0.000101497,2.89E-05,1.739581585,2.310847521,1.546932817,2.072296858,1,2,0.4,0.3,1
6a2402a66f,0.791634858,1.629652262,0.851203203,1.733824253,0.004547338,0.000149412,0.000209621,5.58E-05,1.973721147,2.308621645,1.80350101,2.117671967,1,2,0.4,0.3,1
e7c5b4e0d8,1.677452445,1.733942509,1.505165935,1.557484746,0.410633683,0.24731718,0.221493542,0.118301913,2.027792215,2.365838766,1.989385962,2.322980642,1,2,0.4,0.3,1
6e2649bf33,1.732264757,1.731124759,1.733124375,1.731984138,0.951817155,0.991933823,0.040132172,0.206523672,1.12739706,3.930907965,1.029799581,3.690321684,1,2,0.4,0.3,1
fcb41482d2,1.599266768,1.733250022,1.626777291,1.762353778,0.984646678,0.996494234,0.023527795,0.096485272,0.937017262,5.527975559,0.674610198,4.568614006,1,2,0.4,0.3,1
f28e7972f1,1.6798228025436401,1.7369205951690674,1.6760107278823853,1.7330187559127808,0.3306453227996826,0.1430577039718628,0.5005409717559814,0.25299715995788574,2.224107027053833,2.3105852603912354,2.224022150039673,2.3104982376098633,1,2,0.4,0.3,1.0
e253c34710,1.7329962253570557,1.7321054935455322,1.733152151107788,1.732261300086975,0.9428926706314087,0.990176260471344,0.05593070387840271,0.2656084895133972,2.3095288276672363,2.2640833854675293,2.3135719299316406,2.268070697784424,1,2,0.4,0.3,1.0
fc675ce94c,1.733617901802063,2.0405771732330322,1.7306996583938599,2.0373218059539795,0.9793379306793213,0.9963905215263367,0.03590594232082367,0.1782444268465042,1.7069618701934814,1.0482667684555054,2.7470905780792236,1.7829163074493408,1,2,0.4,0.3,1.0
