Model_ID,L11,Alpha 11,Sigma 11,L21,Alpha 21,Sigma 21,L21,Alpha 12,Sigma 12,L12,Alpha 12,Sigma12
265fb1d742,4.667244911193848,2.7704434394836426,3.4018197059631348,1.6331919431686401,3.803833484649658,1.7799568176269531,3.4049060344696045,1.4518462419509888,0.2791043221950531,0.6643990278244019,0.06435339152812958,0.2601903975009918
f1454d59e9,0.8057540655136108,0.6326618194580078,0.8799355626106262,0.6958730816841125,0.8112016916275024,0.7320044040679932,0.8867934942245483,0.8027865886688232,0.5107088088989258,0.5565827488899231,0.45394423604011536,0.4999290704727173
