Model_ID,L11,L21,L12,L22,Sigma 11,Sigma 21,Sigma 12,Sigma 21,s 11,s12,s21,s22,Alpha 11,Alpha 12,Alpha 21,Alpha 22,P 11,P12,P21,P22,beta_1,beta_2,beta_3,beta4,beta 5
f86b0dc2a8,0.497336298,0.515644252,0.749541581,0.767956734,0.301994115,0.494646013,0.028557867,0.121454574,0.038169414,0.019230964,0.342607737,0.267936796,0.391155094,0.509439528,0.435367614,0.563680768,0.054195814,0.005211085,0.144117549,0.021499919,10,10,10,1,10
21fe8fc425,0.859797359,0.496659219,0.868836999,0.502803266,0.802638054,1.013179302,0.75262177,0.955224037,0.913666427,0.739842474,1.237542868,1.027916789,0.620435536,0.525757551,0.454540312,0.380491018,1.140694618,1.256738186,1.341826797,1.46720314,1,1,1,1,1
ccf9334e3d,0.870681703,0.709395647,0.562404633,0.44562608,1.474191546,1.022379637,0.897544742,0.569987774,0.966381431,0.845140278,0.730285883,0.62990433,0.347802788,0.753169358,0.435607493,0.906153321,0.390224904,0.473322868,0.678139329,0.802181304,1,1,1,1,1
542a649dd0,0.9035525918006897,0.7127799391746521,0.2920740842819214,0.21524712443351746,0.3770138621330261,0.1960432380437851,1.3360981941223145,0.8442609906196594,0.38678300380706787,1.7541261911392212,0.5629771947860718,2.157397747039795,0.49829816818237305,0.20944076776504517,0.6198104619979858,0.26979508996009827,0.9678183197975159,2.934269666671753,1.3585858345031738,3.4824180603027344,1,1,1,1,1
