Dataset,Epochs,Batch Size,D_Model,D_Type,Learning Rate,Train loss,Val Loss,Test Loss,Val RMSE,Test RMSE,Last Val RMSE,Last Test RMSE,Last Event Accuracy,Last Event Accuracy - Test,Softmax,Time2Vec,Model ID
2_d_hawkes,100,20,32,32,0.0001,1.5180307626724243,1.5116441249847412,1.515781283378601,1.8336892127990723,2.2274622917175293,1.6502344608306885,1.6592389345169067,0.6375,0.62,True,False,0dc1aca916
2_d_hawkes,100,20,32,32,0.0001,1.5180307626724243,1.5116441249847412,1.515781283378601,1.8336892127990723,2.2274622917175293,1.6502344608306885,1.6592389345169067,0.6375,0.62,True,False,02530f7e68
2_d_hawkes,100,20,32,32,0.0001,1.5340169668197632,1.5267744064331055,1.5300453901290894,1.8874722719192505,2.287655830383301,1.6805493831634521,1.6880946159362793,0.6375,0.6175,True,True,2746414984
