Dataset,Epochs,Batch Size,D_Model,D_Type,Learning Rate,Train loss,Val Loss,Test Loss,Val RMSE,Test RMSE,LengthScale,Alpha,Normalized,Regularizer Param,Softmax
power_hawkes,50,20,24,8,0.0001,30.24750518798828,28.348255157470703,30.767215728759766,6.475539207458496,6.2165846824646,1.0,0.0,False,0.0,False
power_hawkes,50,20,24,8,0.0001,30.313308715820312,28.413349151611328,30.775115966796875,6.457662105560303,6.1415910720825195,0.15,0.55,False,0.0,False
power_hawkes,50,20,24,8,0.0001,30.284873962402344,28.3879337310791,30.750686645507812,6.453445911407471,6.140047550201416,0.0001,1.0,False,0.0,False
power_hawkes,50,20,22,8,0.0001,30.318777084350586,28.407978057861328,30.778852462768555,6.465688228607178,6.156200408935547,0.15,0.55,False,0.0,False
power_hawkes,50,20,22,8,0.0001,30.28726577758789,28.37738800048828,30.74843978881836,6.461491107940674,6.152862548828125,0.0001,1.0,False,0.0,False
power_hawkes,50,1,22,8,0.0001,30.148405075073242,28.2602481842041,30.65236473083496,6.485715389251709,6.221957206726074,1.0,0.0,False,0.0,False
power_hawkes,50,1,22,8,0.0001,30.290483474731445,28.39412498474121,30.761934280395508,6.460301399230957,6.148666858673096,0.15,0.55,False,0.0,False
power_hawkes,50,1,22,8,0.0001,30.274656295776367,28.370405197143555,30.74588966369629,6.456368446350098,6.1512370109558105,0.0001,1.0,False,0.0,False
