Dataset,Epochs,Batch Size,D_Model,D_Type,Learning Rate,Train loss,Val Loss,Test Loss,Val RMSE,Test RMSE,Last Val RMSE,Last Test RMSE,Last Event Accuracy,Last Event Accuracy - Test,Softmax,Time2Vec,Model ID
2_d_hawkes,100,32,32,32,0.0001,1.5204288959503174,1.5139453411102295,1.51836097240448,1.8437086343765259,2.240902900695801,1.6551748514175415,1.6635500192642212,0.635,0.6175,True,False,265fb1d742
2_d_hawkes,1,32,64,64,0.0001,1.9309097528457642,1.8608851432800293,1.835335612297058,1.8935949802398682,2.29573917388916,1.7117867469787598,1.715024471282959,0.415,0.4325,True,False,f1454d59e9
